Tipe Motor,Jenis Ban,Ukuran Ban,Harga,Nama Produk
Matic,Tubeless Tire,80/90-14,245000,1
Matic,Tubeless Tire,90/90-14,279000,1
Matic,Non Tubeless Tire,60/100-17,162000,1
Matic,Non Tubeless Tire,70/90-14,173000,1
Matic,Non Tubeless Tire,70/90-17,189000,1
Matic,Non Tubeless Tire,80/90-14,187000,1
Matic,Non Tubeless Tire,80/90-17,234000,1
Matic,Non Tubeless Tire,80/90-18,278000,1
Matic,Non Tubeless Tire,90/90-14,231000,1
Matic,Non Tubeless Tire,90/90-18,317000,1
Matic,Non Tubeless Tire,90/80-17,282000,1
Matic,Tubeless Tire,80/80-14,230000,2
Matic,Tubeless Tire,90/80-14,279000,2
Matic,Tubeless Tire,120/70-12,330000,2
Matic,Tubeless Tire,130/70-12,378000,2
Matic,Tubeless Tire,100/80-14,342000,2
Matic,Tubeless Tire,110/80-14,380000,2
Matic,Tubeless Tire,110/70-12,350000,2
Matic,Tubeless Tire,120/70-12,380000,3
Matic,Tubeless Tire,120/70-14,415000,2
Matic,Tubeless Tire,120/70-13,377000,2
Matic,Tubeless Tire,130/70-12,450000,3
Matic,Tubeless Tire,140/70-13,470000,2
Matic,Tubeless Tire,140/60-13,465000,2
Matic,Tubeless Tire,80/90-14,250000,4
Matic,Tubeless Tire,90/90-14,289000,4
Matic,Tubeless Tire,80/80-14,240000,4
Matic,Tubeless Tire,80/80-17,278000,4
Matic,Tubeless Tire,90/80-14,287000,4
Matic,Tubeless Tire,90/80-17,345000,4
Matic,Tubeless Tire,100/80-14,330000,4
Matic,Tubeless Tire,100/80-17,423000,4
Matic,Tubeless Tire,100/80-18,514000,4
Matic,Tubeless Tire,110/80-14,370000,4
Matic,Tubeless Tire,120/80-18,648000,4
Matic,Tubeless Tire,100/70-14,326000,4
Matic,Tubeless Tire,110/70-17,475000,4
Matic,Tubeless Tire,110/70-13,325000,4
Matic,Tubeless Tire,120/70-14,400000,4
Matic,Tubeless Tire,120/70-17,507000,4
Matic,Tubeless Tire,110/70-17,455000,4
Matic,Tubeless Tire,130/70-17,622000,4
Matic,Tubeless Tire,130/70-13,408000,4
Matic,Tubeless Tire,140/70-14,505000,4
Matic,Tubeless Tire,80/90-14,245000,5
Matic,Tubeless Tire,80/90-17,277000,5
Matic,Tubeless Tire,90/90-14,279000,5
Matic,Tubeless Tire,90/80-17,336000,5
Matic,Non Tubeless Tire,70/90-14,173000,5
Matic,Non Tubeless Tire,70/90-17,189000,5
Matic,Non Tubeless Tire,80/90-14,187000,5
Matic,Non Tubeless Tire,80/90-17,234000,5
Matic,Non Tubeless Tire,90/90-14,231000,5
Matic,Non Tubeless Tire,90/80-17,282000,5
Matic,Non Tubeless Tire,60/90-17,175000,5
Matic,Tubeless Tire,70/80-17,228000,7
Matic,Tubeless Tire,80/80-17,268000,7
Matic,Tubeless Tire,80/80-17,268000,7
Matic,Tubeless Tire,90/80-14,279000,7
Matic,Tubeless Tire,90/80-14,279000,7
Matic,Tubeless Tire,90/80-17,333000,6
Matic,Tubeless Tire,90/80-17,333000,7
Matic,Tubeless Tire,100/80-14,316000,6
Matic,Tubeless Tire,100/80-14,316000,7
Matic,Tubeless Tire,100/80-17,396000,6
Matic,Tubeless Tire,100/80-17,396000,7
Matic,Tubeless Tire,120/80-17,498000,7
Matic,Tubeless Tire,100/70-18,509000,6
Matic,Tubeless Tire,120/70-18,641500,6
Matic,Non Tubeless Tire,70/80-17,195000,6
Matic,Non Tubeless Tire,60/80-17,178000,6
Matic,Non Tubeless Tire,60/80-17,178000,7
Matic,Tubeless Tire,100/90-12,262000,8
Matic,Tubeless Tire,110/90-12,317000,8
Matic,Tubeless Tire,80/90-14,245000,9
Matic,Tubeless Tire,90/90-14,279000,9
Matic,Tubeless Tire,100/90-14,322000,9
Matic,Tubeless Tire,80/80-17,295000,10
Matic,Tubeless Tire,90/80-17,365000,10
Matic,Tubeless Tire,100/70-17,460000,10
Matic,Tubeless Tire,110/70-17,513000,10
Matic,Tubeless Tire,120/70-17,564000,10
Matic,Tubeless Tire,130/70-17,642000,10
Matic,Tubeless Tire,90/90-14,279000,11
Matic,Tubeless Tire,80/90-17,277000,12
Matic,Tubeless Tire,90/90-17,336000,12
Matic,Non Tubeless Tire,70/90-14,173000,12
Matic,Non Tubeless Tire,70/90-17,189000,12
Matic,Non Tubeless Tire,80/90-14,187000,12
Matic,Non Tubeless Tire,80/90-17,234000,12
Matic,Non Tubeless Tire,90/90-14,231000,12
Matic,Non Tubeless Tire,90/80-17,282000,12
Matic,Non Tubeless Tire,60/90-17,175000,12
Matic,Tubeless Tire,90/80-18,442000,13
Matic,Tubeless Tire,110/80-18,607000,13
Matic,Tubeless Tire,80/80-14,230000,2
Matic,Tubeless Tire,90/80-14,279000,2
Matic,Tubeless Tire,120/70-12,330000,2
Matic,Tubeless Tire,130/70-12,378000,2
Matic,Tubeless Tire,100/80-14,342000,2
Matic,Tubeless Tire,110/80-14,380000,2
Matic,Tubeless Tire,110/70-12,350000,2
Matic,Tubeless Tire,120/70-14,415000,2
Matic,Tubeless Tire,120/70-13,377000,2
Matic,Tubeless Tire,140/70-13,470000,2
Matic,Tubeless Tire,140/60-13,465000,2
Cub,Tubeless Tire,70/90-17,236000,12
Cub,Tubeless Tire,80/90-14,245000,1
Cub,Tubeless Tire,80/90-17,277000,12
Cub,Tubeless Tire,90/90-14,279000,1
Cub,Tubeless Tire,90/90-17,336000,12
Cub,Non Tubeless Tire,60/100-17,162000,1
Cub,Non Tubeless Tire,70/90-14,173000,1
Cub,Non Tubeless Tire,70/90-14,173000,12
Cub,Non Tubeless Tire,70/90-17,189000,1
Cub,Non Tubeless Tire,70/90-17,189000,12
Cub,Non Tubeless Tire,80/90-14,187000,1
Cub,Non Tubeless Tire,80/90-14,187000,12
Cub,Non Tubeless Tire,80/90-17,234000,1
Cub,Non Tubeless Tire,80/90-17,234000,12
Cub,Non Tubeless Tire,80/90-18,278000,1
Cub,Non Tubeless Tire,90/90-14,231000,12
Cub,Non Tubeless Tire,90/90-14,231000,12
Cub,Non Tubeless Tire,90/90-18,317000,1
Cub,Non Tubeless Tire,90/80-17,282000,1
Cub,Non Tubeless Tire,90/80-17,282000,12
Cub,Non Tubeless Tire,60/90-17,175000,12
Cub,Tubeless Tire,80/90-14,245000,5
Cub,Tubeless Tire,80/90-17,277000,5
Cub,Tubeless Tire,90/90-14,279000,5
Cub,Tubeless Tire,90/80-17,336000,5
Cub,Non Tubeless Tire,70/90-14,173000,5
Cub,Non Tubeless Tire,70/90-17,189000,5
Cub,Non Tubeless Tire,80/90-14,187000,5
Cub,Non Tubeless Tire,80/90-17,234000,5
Cub,Non Tubeless Tire,90/90-14,231000,5
Cub,Non Tubeless Tire,90/80-17,282000,5
Cub,Non Tubeless Tire,60/90-17,175000,5
Cub,Tubeless Tire,80/80-14,230000,6
Cub,Tubeless Tire,80/80-17,268000,6
Cub,Tubeless Tire,90/80-14,279000,6
Cub,Tubeless Tire,90/80-17,333000,6
Cub,Tubeless Tire,100/80-14,316000,6
Cub,Tubeless Tire,100/80-17,396000,6
Cub,Tubeless Tire,100/70-18,509000,6
Cub,Tubeless Tire,120/70-18,641500,6
Cub,Non Tubeless Tire,70/80-17,195000,6
Cub,Non Tubeless Tire,60/80-17,178000,6
Cub,Tubeless Tire,70/80-17,228000,7
Cub,Tubeless Tire,80/80-14,230000,7
Cub,Tubeless Tire,80/80-17,268000,7
Cub,Tubeless Tire,90/80-14,279000,7
Cub,Tubeless Tire,90/80-17,333000,7
Cub,Tubeless Tire,100/80-14,316000,7
Cub,Tubeless Tire,100/80-17,396000,7
Cub,Tubeless Tire,120/80-17,498000,7
Cub,Non Tubeless Tire,60/80-17,178000,5
Cub,Tubeless Tire,70/90-14,197000,5
Cub,Tubeless Tire,70/90-17,236000,5
Cub,Tubeless Tire,80/90-14,245000,5
Cub,Tubeless Tire,80/90-17,277000,5
Cub,Tubeless Tire,90/90-14,279000,5
Cub,Tubeless Tire,90/80-17,336000,5
Cub,Non Tubeless Tire,70/90-14,173000,5
Cub,Non Tubeless Tire,70/90-17,189000,5
Cub,Non Tubeless Tire,80/90-14,187000,5
Cub,Non Tubeless Tire,80/90-17,234000,5
Cub,Non Tubeless Tire,90/90-14,231000,5
Cub,Non Tubeless Tire,90/80-17,282000,5
Cub,Non Tubeless Tire,60/90-17,175000,5
Cub,Non Tubeless Tire,70/90-14,173000,14
Cub,Non Tubeless Tire,70/90-17,189000,14
Cub,Non Tubeless Tire,80/90-14,187000,14
Cub,Non Tubeless Tire,80/90-17,234000,14
Cub,Non Tubeless Tire,90/90-14,231000,14
Cub,Non Tubeless Tire,70/90-17,189000,15
Cub,Non Tubeless Tire,80/90-17,234000,15
Cub,Non Tubeless Tire,90/80-17,282000,15
Sport,Tubeless Tire,80/80-14,230000,2
Sport,Tubeless Tire,90/80-14,279000,2
Sport,Tubeless Tire,100/80-14,342000,2
Sport,Tubeless Tire,110/80-14,380000,2
Sport,Tubeless Tire,110/70-12,350000,2
Sport,Tubeless Tire,120/70-12,330000,2
Sport,Tubeless Tire,120/70-12,380000,3
Sport,Tubeless Tire,120/70-14,415000,2
Sport,Tubeless Tire,120/70-13,377000,2
Sport,Tubeless Tire,130/70-12,378000,2
Sport,Tubeless Tire,130/70-12,450000,3
Sport,Tubeless Tire,140/70-13,470000,2
Sport,Tubeless Tire,140/60-13,465000,2
Sport,Tubeless Tire,80/90-14,257000,16
Sport,Tubeless Tire,90/90-14,297000,16
Sport,Tubeless Tire,90/80-14,322000,16
Sport,Tubeless Tire,100/80-14,336000,16
Sport,Tubeless Tire,120/70-14,415000,16
Sport,Tubeless Tire,100/90-12,290000,17
Sport,Tubeless Tire,110/70-13,360000,17
Sport,Tubeless Tire,130/70-13,460000,17
Sport,Tubeless Tire,110/90-12,360000,17
Sport,Tubeless Tire,80/80-17,295000,10
Sport,Tubeless Tire,90/80-17,365000,10
Sport,Tubeless Tire,100/70-17,460000,10
Sport,Tubeless Tire,110/70-17,513000,10
Sport,Tubeless Tire,120/70-17,564000,10
Sport,Tubeless Tire,130/70-17,642000,10
Sport,Tubeless Tire,110/70-17,513000,18
Sport,Tubeless Tire,120/70-17,564000,18
Sport,Tubeless Tire,130/70-17,642000,18
Sport,Tubeless Tire,140/70-17,697000,18
Sport,Tubeless Tire,120/65-17,830000,19
Sport,Tubeless Tire,140/60-17,940000,19
Racing,Tubeless Tire,90/80-14,362000,20
Racing,Tubeless Tire,90/80-17,470000,27
Racing,Tubeless Tire,100/80-14,400000,25
Racing,Tubeless Tire,90/80-14,362000,21
Racing,Tubeless Tire,90/80-17,470000,26
Racing,Tubeless Tire,90/80-14,362000,22
Racing,Tubeless Tire,90/80-17,470000,22
Racing,Tubeless Tire,100/70-17,525000,22
Racing,Tubeless Tire,120/70-17,705000,22
Racing,Tubeless Tire,90/80-17,470000,23
Racing,Tubeless Tire,90/80-17,470000,24
Racing,Tubeless Tire,60/100-17,355000,28
Racing,Tubeless Tire,50/90-17,170000,28
Racing,Tubeless Tire,60/80-17,350000,28
